{"Rows":13,"Cols":6,"Colors":[[255,5.00000017695129,5.00000017695129,5.00000017695129],[255,23.0000005289912,23.0000005289912,23.0000005289912],[255,64.0000037848949,63.4980431199074,63.4980431199074],[255,210.000002682209,210.000002682209,210.000002682209],[255,10,10,10],[255,10,10,10],[255,29.0000001713634,0.79607836087234,8.43464015051723],[255,50.0000008195639,1.56862743431702,14.1038124449551],[255,85.0000025331974,2.33333319425583,23.7294226884842],[255,157.000005841255,3.07843141257763,32.0519299060106],[255,220.000002086163,25.0196073576808,70.8973404765129],[255,236.000001132488,92.5490118563175,116.176242828369],[255,34.0000017732382,0.66666668630205,17.9215616360307],[255,44.0000011771917,0.86274507106282,19.1326478496194],[255,115.000000745058,2.25490184035152,60.6170415133238],[255,231.000001430511,3.62352926284075,99.9241881072521],[255,252.000000178814,32.6117614656687,125.39269387722],[255,238.000001013279,94.2666640877724,155.14198154211],[255,27.0000002905726,0.31764704268426,0.31764704268426],[255,40.0000014156103,0,0],[255,109.000001102686,2.13725469075143,2.13725469075143],[255,231.000001430511,3.62352926284075,3.62352926284075],[255,253.000000119209,52.5843105465174,52.5843105465174],[255,249.000000357628,82.0235234498978,82.0235234498978],[255,12.2352931089699,19.0533271059394,26.0000003501773],[255,22.0000005885959,34.0000017732382,47.0000009983778],[255,52.0000007003546,81.000002771616,112.000000923872],[255,92.0862726867199,145.00316798687,199.00000333786],[255,144.000006616116,181.000004410744,218.000002205372],[255,197.866660952568,217.559423446655,238.000001013279],[255,2.50980403739959,7.08247415721416,32.0000018924475],[255,4.00000023655593,9.2212644405663,49.0000008791685],[255,23.4274490922689,25.2997378259897,103.000001460314],[255,20.0000007078052,45.8449655771255,181.000004410744],[255,49.5529396086931,79.3394234776497,234.000001251698],[255,111.670581400394,112.632811367512,252.000000178814],[255,0,16.7999948188663,34.0000017732382],[255,0,32.1176397800446,65.0000037252903],[255,0.94117642496713,59.7702227532864,120.000000447035],[255,0.7803921494633,98.7241668999195,199.00000333786],[255,32.1176435798407,132.039221227169,234.000001251698],[255,87.8823454678059,167.493401169777,249.000000357628],[255,4.0235295239836,19.0000007674098,4.0235295239836],[255,7.11764696985483,33.0000018328428,7.11764696985483],[255,12.7058817073703,60.0000002235174,12.7058817073703],[255,24.3764690682292,111.000000983477,24.3764690682292],[255,39.3490165472031,173.000004887581,39.3490165472031],[255,60.941171720624,210.000002682209,60.941171720624],[255,2.67450976185501,22.0000005885959,14.2698036879301],[255,3.86666657868773,34.0000017732382,21.5310354530811],[255,6.6274509485811,65.0000037252903,40.6781054288149],[255,10.0000003539026,130.000007450581,80.0000028312206],[255,38.6509788036346,176.000004708767,118.771245181561],[255,24.3137249350548,248.000000417233,154.797385632992],[255,16.5234608575702,18.0000008270144,0.07058823335683],[255,31.2219632416964,34.0000017732382,0.26666666264646],[255,76.4327618479729,83.0000026524067,0],[255,141.392206549644,152.000006139278,18.4784312546253],[255,189.068415462971,196.000003516674,58.4156828373671],[255,240.095208585262,244.000000655651,166.494115591049],[255,32.0000018924475,16.0022181272507,0.37647058779839],[255,55.0000005215406,27.503809556365,0.64705878845416],[255,107.000001221895,54.1442256420851,2.51764705404639],[255,176.000004708767,90.8054526150227,7.59215648286045],[255,249.000000357628,147.240290343761,47.8470553457737],[255,253.000000119209,162.480284571648,89.294114112854],[255,0,25.0000004097819,25.0000004097819],[255,0.1764705759706,44.0000011771917,44.0000011771917],[255,0,88.0000023543835,88.0000023543835],[255,0,150.000006258488,150.000006258488],[255,0,225.000001788139,225.000001788139],[255,79.4274495542049,247.000000476837,247.000000476837],[255,21.508654654026,0.47058821248356,24.0000004693866],[255,36.7439523339272,0.80392155563459,41.0000013560057],[255,76.2823659181595,2.66666650772095,85.0000025331974],[255,143.789649903774,6.90196056850255,160.000005662441],[255,200.511030256748,61.2705836445093,217.000002264977],[255,219.814283251762,100.023522377014,234.000001251698]]}